{
    "Version": 0,
    "Meta": {
        "Duration": 9.999247550964356,
        "Fps": 60.0,
        "Loop": true,
        "AreBeziersRestricted": true,
        "CurveCount": 24,
        "TotalSegmentCount": 122,
        "TotalPointCount": 462,
        "UserDataCount": 0,
        "TotalUserDataSize": 0
    },
    "Curves": [
        {
            "Target": "Parameter",
            "Id": "ParamEyeLOpen",
            "Segments": [
                0,
                0.00020702787151094526,
                1,
                3.333082437515259,
                -0.0025116128381341697,
                6.666164875030518,
                3.307509497684243e-23,
                9.999247550964356,
                1.695078280729038e-24
            ]
        },
        {
            "Target": "Parameter",
            "Id": "ParamEyeLSmile",
            "Segments": [
                0,
                0,
                1,
                3.333082437515259,
                0,
                6.666164875030518,
                0,
                9.999247550964356,
                0.0
            ]
        },
        {
            "Target": "Parameter",
            "Id": "ParamEyeROpen",
            "Segments": [
                0,
                1,
                1,
                3.333082437515259,
                1,
                6.666164875030518,
                1,
                9.999247550964356,
                1.0
            ]
        },
        {
            "Target": "Parameter",
            "Id": "ParamEyeRSmile",
            "Segments": [
                0,
                0,
                1,
                3.333082437515259,
                0,
                6.666164875030518,
                0,
                9.999247550964356,
                0.0
            ]
        },
        {
            "Target": "Parameter",
            "Id": "ParamEyeBallX",
            "Segments": [
                0,
                -0.2162247747182846,
                1,
                0.6999467611312866,
                -0.31682080030441286,
                1.3998934030532838,
                -0.22975480556488038,
                2.0998401641845705,
                -0.233265221118927,
                1,
                2.4053714275360109,
                -0.23479753732681275,
                2.710902690887451,
                -0.4017532765865326,
                3.0164339542388918,
                -0.3734831213951111,
                1,
                3.177530288696289,
                -0.35857704281806948,
                3.3386266231536867,
                -0.2262096405029297,
                3.499722719192505,
                -0.21611027419567109,
                1,
                3.7052602767944338,
                -0.20322522521018983,
                3.9107980728149416,
                -0.34653162956237795,
                4.116335391998291,
                -0.37513208389282229,
                1,
                4.25521183013916,
                -0.39445796608924868,
                4.394088268280029,
                -0.2773299813270569,
                4.53296422958374,
                -0.2645004689693451,
                1,
                4.694062232971191,
                -0.24961836636066438,
                4.855160713195801,
                -0.34697774052619936,
                5.01625919342041,
                -0.33270329236984255,
                1,
                5.19401741027832,
                -0.31695201992988589,
                5.371774673461914,
                -0.0906277522444725,
                5.549532890319824,
                -0.08211613446474076,
                1,
                5.727293014526367,
                -0.07360479235649109,
                5.90505313873291,
                -0.2768838405609131,
                6.082813262939453,
                -0.26914849877357485,
                1,
                7.388291358947754,
                -0.21234272420406342,
                8.693769454956055,
                -0.2691519856452942,
                9.999247550964356,
                -0.3034301996231079
            ]
        },
        {
            "Target": "Parameter",
            "Id": "ParamEyeBallY",
            "Segments": [
                0,
                -0.3654462695121765,
                1,
                0.6055079102516174,
                -0.51119464635849,
                1.2110157012939454,
                -0.385565847158432,
                1.8165236711502076,
                -0.3521108329296112,
                1,
                2.44425106048584,
                -0.3174278736114502,
                3.0719783306121828,
                -0.4073633551597595,
                3.6997058391571047,
                -0.3562764823436737,
                1,
                4.51630163192749,
                -0.28981927037239077,
                5.332898139953613,
                -0.5156633853912354,
                6.149494171142578,
                -0.5235806107521057,
                1,
                7.432745456695557,
                -0.5360223054885864,
                8.715996742248536,
                -0.3041113615036011,
                9.999247550964356,
                -0.3895384967327118
            ]
        },
        {
            "Target": "Parameter",
            "Id": "ParamBrowLY",
            "Segments": [
                0,
                -0.5069441795349121,
                1,
                0.499958336353302,
                -0.6111974716186523,
                0.9999167323112488,
                -0.4755079746246338,
                1.4998750686645508,
                -0.4307481050491333,
                1,
                1.8887327909469605,
                -0.39593449234962466,
                2.277590274810791,
                -0.5288887619972229,
                2.6664481163024904,
                -0.5445907115936279,
                1,
                2.9330906867980959,
                -0.555358350276947,
                3.199733257293701,
                -0.411303848028183,
                3.4663758277893068,
                -0.38963964581489565,
                1,
                3.716355085372925,
                -0.3693295121192932,
                3.966334342956543,
                -0.5188654661178589,
                4.21631383895874,
                -0.5193215608596802,
                1,
                4.521844863891602,
                -0.5198789834976196,
                4.827375411987305,
                -0.6102608442306519,
                5.132906913757324,
                -0.5612636208534241,
                1,
                5.327333927154541,
                -0.5300817489624023,
                5.5217604637146,
                -0.40746966004371645,
                5.716187477111816,
                -0.42811959981918337,
                1,
                5.8439531326293949,
                -0.44168922305107119,
                5.9717183113098148,
                -0.5651779770851135,
                6.099483966827393,
                -0.5648571848869324,
                1,
                6.266134738922119,
                -0.5644387006759644,
                6.432786464691162,
                -0.4231770932674408,
                6.599437713623047,
                -0.41469550132751467,
                1,
                7.732707500457764,
                -0.35702037811279299,
                8.86597728729248,
                -0.3531357944011688,
                9.999247550964356,
                -0.4996323883533478
            ]
        },
        {
            "Target": "Parameter",
            "Id": "ParamBrowRY",
            "Segments": [
                0,
                0,
                1,
                3.333082437515259,
                0,
                6.666164875030518,
                0,
                9.999247550964356,
                0.0
            ]
        },
        {
            "Target": "Parameter",
            "Id": "ParamBrowLX",
            "Segments": [
                0,
                0,
                1,
                3.333082437515259,
                0,
                6.666164875030518,
                0,
                9.999247550964356,
                0.0
            ]
        },
        {
            "Target": "Parameter",
            "Id": "ParamBrowRX",
            "Segments": [
                0,
                -0.61487877368927,
                1,
                0.4999583959579468,
                -0.7001374363899231,
                0.9999167323112488,
                -0.5952613353729248,
                1.4998751878738404,
                -0.5448903441429138,
                1,
                2.0220558643341066,
                -0.49227994680404665,
                2.544236660003662,
                -0.6726213097572327,
                3.0664174556732179,
                -0.640913188457489,
                1,
                3.199737071990967,
                -0.6328178644180298,
                3.333056688308716,
                -0.4968177080154419,
                3.466376304626465,
                -0.48845604062080386,
                1,
                3.70524525642395,
                -0.4734746515750885,
                3.9441139698028566,
                -0.5928832292556763,
                4.182982921600342,
                -0.6135005354881287,
                1,
                4.694051742553711,
                -0.6576118469238281,
                5.20512056350708,
                -0.5076479315757752,
                5.716188907623291,
                -0.5304563641548157,
                1,
                5.843954563140869,
                -0.536158561706543,
                5.9717206954956059,
                -0.656794548034668,
                6.099485874176025,
                -0.6557369828224182,
                1,
                6.266137599945068,
                -0.6543574929237366,
                6.432788372039795,
                -0.518010139465332,
                6.599440097808838,
                -0.5094888806343079,
                1,
                7.732708930969238,
                -0.4515443444252014,
                8.865978240966797,
                -0.4405912756919861,
                9.999247550964356,
                -0.5852434635162354
            ]
        },
        {
            "Target": "Parameter",
            "Id": "ParamBrowLAngle",
            "Segments": [
                0,
                -0.6106144189834595,
                1,
                0.49995893239974978,
                -0.6994040608406067,
                0.9999178647994995,
                -0.6027876138687134,
                1.4998767375946046,
                -0.5487666130065918,
                1,
                2.0220577716827394,
                -0.49234381318092348,
                2.544239044189453,
                -0.6655310392379761,
                3.066420078277588,
                -0.6399385333061218,
                1,
                3.199740171432495,
                -0.633404552936554,
                3.3330600261688234,
                -0.5023576021194458,
                3.4663801193237306,
                -0.49231070280075076,
                1,
                3.721914529800415,
                -0.4730542004108429,
                3.9774491786956789,
                -0.631837010383606,
                4.232983589172363,
                -0.6134741902351379,
                1,
                4.8551530838012699,
                -0.5687640309333801,
                5.477323055267334,
                -0.6361812949180603,
                6.09949254989624,
                -0.6506838202476502,
                1,
                6.266144275665283,
                -0.6545684933662415,
                6.432796001434326,
                -0.52461177110672,
                6.599447727203369,
                -0.513599693775177,
                1,
                7.7327141761779789,
                -0.4387178421020508,
                8.865981101989746,
                -0.42888426780700686,
                9.999247550964356,
                -0.5818260908126831
            ]
        },
        {
            "Target": "Parameter",
            "Id": "ParamBrowRAngle",
            "Segments": [
                0,
                -0.5069441795349121,
                1,
                0.499958336353302,
                -0.6111974716186523,
                0.9999167323112488,
                -0.4755079746246338,
                1.4998750686645508,
                -0.4307481050491333,
                1,
                1.8887327909469605,
                -0.39593449234962466,
                2.277590274810791,
                -0.5288887619972229,
                2.6664481163024904,
                -0.5445907115936279,
                1,
                2.9330906867980959,
                -0.555358350276947,
                3.199733257293701,
                -0.411303848028183,
                3.4663758277893068,
                -0.38963964581489565,
                1,
                3.716355085372925,
                -0.3693295121192932,
                3.966334342956543,
                -0.5188654661178589,
                4.21631383895874,
                -0.5193215608596802,
                1,
                4.521844863891602,
                -0.5198789834976196,
                4.827375411987305,
                -0.6102608442306519,
                5.132906913757324,
                -0.5612636208534241,
                1,
                5.327333927154541,
                -0.5300817489624023,
                5.5217604637146,
                -0.40746966004371645,
                5.716187477111816,
                -0.42811959981918337,
                1,
                5.8439531326293949,
                -0.44168922305107119,
                5.9717183113098148,
                -0.5651779770851135,
                6.099483966827393,
                -0.5648571848869324,
                1,
                6.266134738922119,
                -0.5644387006759644,
                6.432786464691162,
                -0.4231770932674408,
                6.599437713623047,
                -0.41469550132751467,
                1,
                7.732707500457764,
                -0.35702037811279299,
                8.86597728729248,
                -0.3531357944011688,
                9.999247550964356,
                -0.4996323883533478
            ]
        },
        {
            "Target": "Parameter",
            "Id": "ParamBrowLForm",
            "Segments": [
                0,
                0,
                1,
                3.333082437515259,
                0,
                6.666164875030518,
                0,
                9.999247550964356,
                0.0
            ]
        },
        {
            "Target": "Parameter",
            "Id": "ParamBrowRForm",
            "Segments": [
                0,
                0,
                1,
                3.333082437515259,
                0,
                6.666164875030518,
                0,
                9.999247550964356,
                0.0
            ]
        },
        {
            "Target": "Parameter",
            "Id": "ParamMouthForm",
            "Segments": [
                0,
                0.47590377926826479,
                1,
                0.2944202125072479,
                0.579908013343811,
                0.5888404250144959,
                0.3838537633419037,
                0.8832606077194214,
                0.43886879086494448,
                1,
                1.255441427230835,
                0.5084171295166016,
                1.6276222467422486,
                0.8565037250518799,
                1.999803066253662,
                0.864077091217041,
                1,
                2.3497745990753176,
                0.8711977601051331,
                2.6997458934783937,
                0.727871835231781,
                3.049717426300049,
                0.7086857557296753,
                1,
                3.2330334186553957,
                0.6986358165740967,
                3.416349172592163,
                0.8604347109794617,
                3.5996651649475099,
                0.8602405190467835,
                1,
                4.110734939575195,
                0.8596990704536438,
                4.621805191040039,
                0.7207286953926086,
                5.132875442504883,
                0.7310813665390015,
                1,
                6.75499963760376,
                0.763940691947937,
                8.37712287902832,
                1.0375901460647584,
                9.999247550964356,
                0.908173143863678
            ]
        },
        {
            "Target": "Parameter",
            "Id": "ParamMouthOpenY",
            "Segments": [
                0,
                0.04806048795580864,
                1,
                3.333082437515259,
                -0.1336708515882492,
                6.666164875030518,
                0.057468514889478686,
                9.999247550964356,
                0.01343077328056097
            ]
        },
        {
            "Target": "Parameter",
            "Id": "ParamCheek",
            "Segments": [
                0,
                0,
                1,
                3.333082437515259,
                0,
                6.666164875030518,
                0,
                9.999247550964356,
                0.0
            ]
        },
        {
            "Target": "Parameter",
            "Id": "ParamBodyAngleX",
            "Segments": [
                0,
                -1.819838523864746,
                1,
                0.21591584384441377,
                -3.5200424194335939,
                0.4318317174911499,
                0.1270008683204651,
                0.6477475762367249,
                -0.8652260303497315,
                1,
                0.8048145174980164,
                -1.6094014644622803,
                0.9618814587593079,
                -7.1241374015808109,
                1.1189484596252442,
                -6.32405424118042,
                1,
                1.2030352354049683,
                -5.9000749588012699,
                1.2871218919754029,
                -3.150541305541992,
                1.3712085485458375,
                -1.3650555610656739,
                1,
                1.4422023296356202,
                0.0911092758178711,
                1.5131958723068238,
                0.6729153394699097,
                1.584189534187317,
                0.5784541964530945,
                1,
                1.6756280660629273,
                0.45183148980140688,
                1.767066478729248,
                -1.89095938205719,
                1.8585050106048585,
                -3.358628273010254,
                1,
                1.940979242324829,
                -4.634729862213135,
                2.0234534740448,
                -5.207275867462158,
                2.1059277057647707,
                -5.217161178588867,
                1,
                2.275423288345337,
                -5.238001346588135,
                2.444918632507324,
                0.14214098453521729,
                2.6144142150878908,
                -0.9223791360855103,
                1,
                2.7611024379730226,
                -1.8218986988067628,
                2.9077906608581545,
                -6.538232803344727,
                3.054478883743286,
                -6.06184196472168,
                1,
                3.209969997406006,
                -5.559332847595215,
                3.3654608726501467,
                5.761928081512451,
                3.520951986312866,
                5.7865729331970219,
                1,
                3.6250569820404054,
                5.804638385772705,
                3.7291619777679445,
                0.7552762031555176,
                3.8332667350769045,
                -2.850067377090454,
                1,
                3.9258360862731935,
                -5.919538497924805,
                4.018405914306641,
                -8.635394096374512,
                4.11097526550293,
                -9.281792640686036,
                1,
                4.160197734832764,
                -9.605751991271973,
                4.209420680999756,
                -9.56385326385498,
                4.258643627166748,
                -8.435288429260254,
                1,
                4.368295669555664,
                -5.668967247009277,
                4.477947235107422,
                0.24253630638122559,
                4.587599277496338,
                0.6839159727096558,
                1,
                4.774084091186523,
                1.3579392433166505,
                4.960569381713867,
                -9.735960006713868,
                5.147054195404053,
                -6.859258651733398,
                1,
                5.289120674133301,
                -4.6276960372924809,
                5.431187152862549,
                5.296894550323486,
                5.573253631591797,
                6.021014213562012,
                1,
                5.6913652420043949,
                6.579667568206787,
                5.809477806091309,
                0.14336919784545899,
                5.9275898933410648,
                -3.8281354904174806,
                1,
                6.024686336517334,
                -6.621654510498047,
                6.121782302856445,
                -7.444958686828613,
                6.218879222869873,
                -6.961757659912109,
                1,
                6.360585689544678,
                -6.2284111976623539,
                6.502292633056641,
                0.47645097970962527,
                6.6439995765686039,
                1.2030190229415894,
                1,
                6.8077497482299809,
                2.000603199005127,
                6.971499443054199,
                -3.311052083969116,
                7.135249137878418,
                -3.1973211765289308,
                1,
                7.294395446777344,
                -3.088900327682495,
                7.453541278839111,
                0.5729796886444092,
                7.612688064575195,
                0.587714672088623,
                1,
                7.8003106117248539,
                0.6047450304031372,
                7.9879326820373539,
                -3.250030517578125,
                8.175555229187012,
                -2.2166221141815187,
                1,
                8.311260223388672,
                -1.450209140777588,
                8.446966171264649,
                2.8009421825408937,
                8.582671165466309,
                2.4353902339935304,
                1,
                8.738554954528809,
                2.02846097946167,
                8.894440650939942,
                -3.631875991821289,
                9.050324440002442,
                -4.277809143066406,
                1,
                9.229145050048829,
                -5.0390729904174809,
                9.407965660095215,
                1.1162887811660767,
                9.586786270141602,
                1.6373289823532105,
                1,
                9.724272727966309,
                2.0321969985961916,
                9.861761093139649,
                -3.0428578853607179,
                9.999247550964356,
                -5.347029209136963
            ]
        },
        {
            "Target": "Parameter",
            "Id": "ParamBodyAngleY",
            "Segments": [
                0,
                -8.902792930603028,
                1,
                0.1444268524646759,
                -8.980073928833008,
                0.2888537049293518,
                -8.914348602294922,
                0.4332805573940277,
                -8.76076602935791,
                1,
                0.49992120265960696,
                -8.68985366821289,
                0.5665618181228638,
                -8.488773345947266,
                0.6332024931907654,
                -8.487810134887696,
                1,
                0.7720296382904053,
                -8.485803604125977,
                0.9108567833900452,
                -9.172109603881836,
                1.049683928489685,
                -9.047771453857422,
                1,
                1.1551194190979005,
                -8.95323657989502,
                1.2605550289154053,
                -8.291250228881836,
                1.3659905195236207,
                -8.240033149719239,
                1,
                1.588076114654541,
                -8.13220500946045,
                1.8101615905761719,
                -9.37966251373291,
                2.032247304916382,
                -9.419515609741211,
                1,
                2.182182788848877,
                -9.44642162322998,
                2.3321187496185304,
                -8.983940124511719,
                2.4820542335510256,
                -8.804634094238282,
                1,
                2.593149185180664,
                -8.671716690063477,
                2.7042438983917238,
                -8.883130073547364,
                2.8153388500213625,
                -8.846529006958008,
                1,
                2.9375271797180177,
                -8.8062744140625,
                3.0597152709960939,
                -8.467937469482422,
                3.181903600692749,
                -8.463318824768067,
                1,
                3.3263280391693117,
                -8.457864761352539,
                3.4707529544830324,
                -8.41811752319336,
                3.6151773929595949,
                -8.685487747192383,
                1,
                3.7706079483032228,
                -8.97353458404541,
                3.9260382652282717,
                -9.650267601013184,
                4.0814690589904789,
                -9.710123062133789,
                1,
                4.220240592956543,
                -9.763606071472168,
                4.359012126922607,
                -8.986356735229493,
                4.49778413772583,
                -8.852836608886719,
                1,
                4.59221887588501,
                -8.762219429016114,
                4.686653137207031,
                -8.731721878051758,
                4.781087875366211,
                -8.85217571258545,
                1,
                4.858827114105225,
                -8.951522827148438,
                4.936566352844238,
                -9.239115715026856,
                5.014305591583252,
                -9.225231170654297,
                1,
                5.130892753601074,
                -9.204416275024414,
                5.247480392456055,
                -8.611075401306153,
                5.364067554473877,
                -8.553011894226075,
                1,
                5.458456993103027,
                -8.505945205688477,
                5.552846431732178,
                -8.886371612548829,
                5.647235870361328,
                -9.003243446350098,
                1,
                5.708341121673584,
                -9.07879638671875,
                5.769445896148682,
                -9.023530960083008,
                5.8305511474609379,
                -9.04576587677002,
                1,
                5.919431686401367,
                -9.078104972839356,
                6.008312225341797,
                -9.179839134216309,
                6.097192764282227,
                -9.134479522705079,
                1,
                6.202642917633057,
                -9.080586433410645,
                6.308093070983887,
                -8.429317474365235,
                6.413543224334717,
                -8.384675979614258,
                1,
                6.502406597137451,
                -8.347089767456055,
                6.5912699699401859,
                -8.559273719787598,
                6.680133819580078,
                -8.667038917541504,
                1,
                6.807894706726074,
                -8.821809768676758,
                6.935655117034912,
                -8.834696769714356,
                7.063416004180908,
                -8.87035846710205,
                1,
                7.146726608276367,
                -8.89363956451416,
                7.230037212371826,
                -8.614139556884766,
                7.313348293304443,
                -8.616874694824219,
                1,
                7.574430465698242,
                -8.625442504882813,
                7.835513114929199,
                -8.845101356506348,
                8.09659481048584,
                -8.891388893127442,
                1,
                8.207694053649903,
                -8.911087989807129,
                8.318792343139649,
                -8.77104663848877,
                8.429890632629395,
                -8.821438789367676,
                1,
                8.62983512878418,
                -8.912117958068848,
                8.829779624938965,
                -9.446505546569825,
                9.029725074768067,
                -9.50938606262207,
                1,
                9.151880264282227,
                -9.547820091247559,
                9.274036407470704,
                -8.96051025390625,
                9.39619255065918,
                -8.892967224121094,
                1,
                9.597210884094239,
                -8.7819185256958,
                9.798229217529297,
                -9.137781143188477,
                9.999247550964356,
                -9.4122953414917
            ]
        },
        {
            "Target": "Parameter",
            "Id": "ParamBodyAngleZ",
            "Segments": [
                0,
                0,
                1,
                3.333082437515259,
                0,
                6.666164875030518,
                0,
                9.999247550964356,
                0.0
            ]
        },
        {
            "Target": "Parameter",
            "Id": "ParamBreath",
            "Segments": [
                0,
                0.8805835247039795,
                1,
                0.6332618594169617,
                0.5757747888565064,
                1.2665237188339234,
                -0.08602169901132584,
                1.8997856378555298,
                0.012481235899031163,
                1,
                2.6052627563476564,
                0.1222129762172699,
                3.310739755630493,
                1.0217530727386475,
                4.01621675491333,
                0.9994902014732361,
                1,
                4.788355827331543,
                0.9751240015029907,
                5.5604939460754398,
                -0.07346585392951966,
                6.332633018493652,
                0.005362902767956257,
                1,
                6.97700309753418,
                0.07114703953266144,
                7.621374130249023,
                0.8510010242462158,
                8.26574420928955,
                0.9793241024017334,
                1,
                8.843578338623047,
                1.0944023132324219,
                9.42141342163086,
                0.5806221961975098,
                9.999247550964356,
                0.23121941089630128
            ]
        },
        {
            "Target": "Parameter",
            "Id": "ParamHairFront",
            "Segments": [
                0,
                0,
                1,
                3.333082437515259,
                0,
                6.666164875030518,
                0,
                9.999247550964356,
                0.0
            ]
        },
        {
            "Target": "Parameter",
            "Id": "ParamHairSide",
            "Segments": [
                0,
                0,
                1,
                3.333082437515259,
                0,
                6.666164875030518,
                0,
                9.999247550964356,
                0.0
            ]
        },
        {
            "Target": "Parameter",
            "Id": "ParamHairBack",
            "Segments": [
                0,
                0,
                1,
                3.333082437515259,
                0,
                6.666164875030518,
                0,
                9.999247550964356,
                0.0
            ]
        }
    ]
}