{
    "Version": 0,
    "Meta": {
        "Duration": 9.999231338500977,
        "Fps": 60.0,
        "Loop": true,
        "AreBeziersRestricted": true,
        "CurveCount": 24,
        "TotalSegmentCount": 91,
        "TotalPointCount": 369,
        "UserDataCount": 0,
        "TotalUserDataSize": 0
    },
    "Curves": [
        {
            "Target": "Parameter",
            "Id": "ParamEyeLOpen",
            "Segments": [
                0,
                0.4952077865600586,
                1,
                0.9332605004310608,
                0.5147542953491211,
                1.866520881652832,
                0.3743644952774048,
                2.799781560897827,
                0.4178871810436249,
                1,
                3.521946907043457,
                0.4515647888183594,
                4.244112014770508,
                0.5696450471878052,
                4.966277122497559,
                0.471899151802063,
                1,
                5.6051154136657719,
                0.38543012738227847,
                6.243953704833984,
                0.4039524793624878,
                6.882791519165039,
                0.4731941223144531,
                1,
                7.082775592803955,
                0.4948652386665344,
                7.282759666442871,
                0.5454657673835754,
                7.482743740081787,
                0.45609050989151,
                1,
                7.532621383666992,
                0.43378692865371706,
                7.582499027252197,
                -0.046964287757873538,
                7.632376670837402,
                0.0655769407749176,
                1,
                7.64898157119751,
                0.1027362048625946,
                7.665586471557617,
                0.2659187912940979,
                7.682191371917725,
                0.301641583442688,
                1,
                7.7877326011657719,
                0.5278368592262268,
                7.893273830413818,
                0.4201555848121643,
                7.998815059661865,
                0.4446510374546051,
                1,
                8.209904670715332,
                0.49367189407348635,
                8.420995712280274,
                0.4766910970211029,
                8.632085800170899,
                0.4676557779312134,
                1,
                9.087800979614258,
                0.44815191626548769,
                9.543516159057618,
                0.5013774037361145,
                9.999231338500977,
                0.4417320489883423
            ]
        },
        {
            "Target": "Parameter",
            "Id": "ParamEyeLSmile",
            "Segments": [
                0,
                0,
                1,
                3.3330771923065187,
                0,
                6.666154384613037,
                0,
                9.999231338500977,
                0.0
            ]
        },
        {
            "Target": "Parameter",
            "Id": "ParamEyeROpen",
            "Segments": [
                0,
                1,
                1,
                3.3330771923065187,
                1,
                6.666154384613037,
                1,
                9.999231338500977,
                1.0
            ]
        },
        {
            "Target": "Parameter",
            "Id": "ParamEyeRSmile",
            "Segments": [
                0,
                0,
                1,
                3.3330771923065187,
                0,
                6.666154384613037,
                0,
                9.999231338500977,
                0.0
            ]
        },
        {
            "Target": "Parameter",
            "Id": "ParamEyeBallX",
            "Segments": [
                0,
                -0.07214082032442093,
                1,
                0.216644287109375,
                -0.027388453483581544,
                0.43328857421875,
                0.16591042280197144,
                0.649932861328125,
                0.07359442114830017,
                1,
                0.8443486094474793,
                -0.009246297180652619,
                1.0387643575668336,
                -0.2787925899028778,
                1.233180046081543,
                -0.2514647841453552,
                1,
                1.383163571357727,
                -0.23038414120674134,
                1.5331469774246216,
                -0.07887225598096848,
                1.6831305027008057,
                -0.08352794498205185,
                1,
                1.8553348779678345,
                -0.08887261152267456,
                2.0275392532348635,
                -0.19573193788528443,
                2.1997437477111818,
                -0.18191975355148316,
                1,
                2.2941737174987795,
                -0.1743451952934265,
                2.388604164123535,
                0.02441220171749592,
                2.483034372329712,
                -0.014578381553292275,
                1,
                2.6552062034606935,
                -0.08566250652074814,
                2.8273777961730959,
                -0.5499191284179688,
                2.999549388885498,
                -0.5173534154891968,
                1,
                3.066206932067871,
                -0.5047556161880493,
                3.132864236831665,
                -0.5511537790298462,
                3.199521541595459,
                -0.43877464532852175,
                1,
                3.3216774463653566,
                -0.23268167674541474,
                3.4438328742980959,
                0.17686092853546143,
                3.565988779067993,
                0.19002218544483186,
                1,
                3.6548144817352297,
                0.19960328936576844,
                3.743640184402466,
                -0.09872451424598694,
                3.8324661254882814,
                -0.2997904419898987,
                1,
                3.871342897415161,
                -0.38771918416023257,
                3.910220146179199,
                -0.3367372751235962,
                3.949096918106079,
                -0.4301733076572418,
                1,
                3.999044179916382,
                -0.5501742362976074,
                4.048991680145264,
                -0.7749873399734497,
                4.098938465118408,
                -0.751451849937439,
                1,
                4.2266645431518559,
                -0.6913943886756897,
                4.354390621185303,
                -0.6202042102813721,
                4.482116222381592,
                -0.25342825055122378,
                1,
                4.54860258102417,
                -0.06162475049495697,
                4.61508846282959,
                0.34760820865631106,
                4.681575298309326,
                0.5973227620124817,
                1,
                4.7537665367126469,
                0.8672716021537781,
                4.825957775115967,
                0.9044614434242249,
                4.898149013519287,
                0.9073023796081543,
                1,
                4.937028884887695,
                0.9088332056999207,
                4.9759087562561039,
                0.917959988117218,
                5.01478910446167,
                0.812930703163147,
                1,
                5.064640998840332,
                0.6776241064071655,
                5.1144938468933109,
                0.3184193968772888,
                5.164346218109131,
                0.1435541957616806,
                1,
                5.258665561676025,
                -0.18675754964351655,
                5.352984428405762,
                -0.36040985584259035,
                5.4473042488098148,
                -0.6039203405380249,
                1,
                5.513925552368164,
                -0.7756865620613098,
                5.5805463790893559,
                -0.9447768330574036,
                5.647167682647705,
                -0.9168205857276917,
                1,
                5.863501071929932,
                -0.8259280920028687,
                6.079834461212158,
                0.9668931365013123,
                6.296167850494385,
                0.9370591640472412,
                1,
                6.368200778961182,
                0.9270919561386108,
                6.440234661102295,
                0.4120291471481323,
                6.51226806640625,
                0.1061611920595169,
                1,
                6.662137031555176,
                -0.5276570320129395,
                6.812005996704102,
                -0.7721372842788696,
                6.961874961853027,
                -0.7768152952194214,
                1,
                7.145063400268555,
                -0.7825376987457275,
                7.32825231552124,
                0.23889201879501344,
                7.511440753936768,
                0.28914666175842287,
                1,
                7.750252723693848,
                0.354616641998291,
                7.989063739776611,
                -0.39666932821273806,
                8.227875709533692,
                -0.38149577379226687,
                1,
                8.411176681518555,
                -0.36985287070274355,
                8.594478607177735,
                -0.13250860571861268,
                8.777779579162598,
                -0.059861309826374057,
                1,
                8.961089134216309,
                0.012790724635124207,
                9.144397735595704,
                -0.1217903271317482,
                9.327707290649414,
                -0.14698179066181184,
                1,
                9.383251190185547,
                -0.15461629629135133,
                9.43879508972168,
                -0.025277575477957727,
                9.494338989257813,
                -0.031091729179024698,
                1,
                9.583209991455079,
                -0.040395162999629977,
                9.672080993652344,
                -0.21240019798278809,
                9.76095199584961,
                -0.2573600709438324,
                1,
                9.840377807617188,
                -0.2975410521030426,
                9.919805526733399,
                -0.22732529044151307,
                9.999231338500977,
                -0.2560822367668152
            ]
        },
        {
            "Target": "Parameter",
            "Id": "ParamEyeBallY",
            "Segments": [
                0,
                0.023152125999331476,
                1,
                2.299814462661743,
                0.09180265665054321,
                4.599628925323486,
                -0.0964619368314743,
                6.899443626403809,
                -0.09747782349586487,
                1,
                7.76048469543457,
                -0.09785816818475723,
                8.621525764465332,
                -0.037182778120040897,
                9.482566833496094,
                -0.060279637575149539,
                1,
                9.654788970947266,
                -0.06489944458007813,
                9.827009201049805,
                0.05816825106739998,
                9.999231338500977,
                0.034492067992687228
            ]
        },
        {
            "Target": "Parameter",
            "Id": "ParamBrowLY",
            "Segments": [
                0,
                -0.05882368981838226,
                1,
                1.0610271692276,
                -0.0728774443268776,
                2.1220543384552,
                -0.15036480128765107,
                3.18308162689209,
                -0.1835760772228241,
                1,
                3.6441547870635988,
                -0.19800765812397004,
                4.105228424072266,
                -0.21634939312934876,
                4.566301345825195,
                -0.12452883273363114,
                1,
                4.677399158477783,
                -0.10240200161933899,
                4.788497447967529,
                0.03878004103899002,
                4.899595260620117,
                0.038956236094236377,
                1,
                5.277339935302734,
                0.039555277675390246,
                5.65508508682251,
                -0.13107919692993165,
                6.032829284667969,
                -0.14988622069358827,
                1,
                7.354963302612305,
                -0.21571213006973267,
                8.677098274230957,
                -0.07076239585876465,
                9.999231338500977,
                -0.1588575839996338
            ]
        },
        {
            "Target": "Parameter",
            "Id": "ParamBrowRY",
            "Segments": [
                0,
                0,
                1,
                3.3330771923065187,
                0,
                6.666154384613037,
                0,
                9.999231338500977,
                0.0
            ]
        },
        {
            "Target": "Parameter",
            "Id": "ParamBrowLX",
            "Segments": [
                0,
                0,
                1,
                3.3330771923065187,
                0,
                6.666154384613037,
                0,
                9.999231338500977,
                0.0
            ]
        },
        {
            "Target": "Parameter",
            "Id": "ParamBrowRX",
            "Segments": [
                0,
                -0.12235641479492188,
                1,
                1.0610275268554688,
                -0.12445663660764694,
                2.1220550537109377,
                -0.26856669783592226,
                3.1830825805664064,
                -0.26144489645957949,
                1,
                3.7552571296691896,
                -0.25760436058044436,
                4.327431678771973,
                -0.10469696670770645,
                4.899606227874756,
                -0.10228626430034638,
                1,
                5.477334022521973,
                -0.09985212236642838,
                6.055062770843506,
                -0.22157680988311768,
                6.632791042327881,
                -0.23270097374916078,
                1,
                7.754937648773193,
                -0.25430795550346377,
                8.877084732055664,
                -0.1465831995010376,
                9.999231338500977,
                -0.2188771665096283
            ]
        },
        {
            "Target": "Parameter",
            "Id": "ParamBrowLAngle",
            "Segments": [
                0,
                -0.12252601981163025,
                1,
                1.061028003692627,
                -0.12430606037378311,
                2.122056007385254,
                -0.2813752293586731,
                3.183084011077881,
                -0.2640624940395355,
                1,
                3.7552592754364015,
                -0.2547263205051422,
                4.327434062957764,
                -0.11726849526166916,
                4.899609565734863,
                -0.10231782495975495,
                1,
                5.477339267730713,
                -0.08722186088562012,
                6.055069446563721,
                -0.2046932727098465,
                6.63279914855957,
                -0.22977763414382935,
                1,
                7.754943370819092,
                -0.27850010991096499,
                8.877087593078614,
                -0.15616029500961305,
                9.999231338500977,
                -0.2189842164516449
            ]
        },
        {
            "Target": "Parameter",
            "Id": "ParamBrowRAngle",
            "Segments": [
                0,
                -0.05882368981838226,
                1,
                1.0610271692276,
                -0.0728774443268776,
                2.1220543384552,
                -0.15036480128765107,
                3.18308162689209,
                -0.1835760772228241,
                1,
                3.6441547870635988,
                -0.19800765812397004,
                4.105228424072266,
                -0.21634939312934876,
                4.566301345825195,
                -0.12452883273363114,
                1,
                4.677399158477783,
                -0.10240200161933899,
                4.788497447967529,
                0.03878004103899002,
                4.899595260620117,
                0.038956236094236377,
                1,
                5.277339935302734,
                0.039555277675390246,
                5.65508508682251,
                -0.13107919692993165,
                6.032829284667969,
                -0.14988622069358827,
                1,
                7.354963302612305,
                -0.21571213006973267,
                8.677098274230957,
                -0.07076239585876465,
                9.999231338500977,
                -0.1588575839996338
            ]
        },
        {
            "Target": "Parameter",
            "Id": "ParamBrowLForm",
            "Segments": [
                0,
                0,
                1,
                3.3330771923065187,
                0,
                6.666154384613037,
                0,
                9.999231338500977,
                0.0
            ]
        },
        {
            "Target": "Parameter",
            "Id": "ParamBrowRForm",
            "Segments": [
                0,
                0,
                1,
                3.3330771923065187,
                0,
                6.666154384613037,
                0,
                9.999231338500977,
                0.0
            ]
        },
        {
            "Target": "Parameter",
            "Id": "ParamMouthForm",
            "Segments": [
                0,
                0.917495608329773,
                1,
                0.33330634236335757,
                0.935926079750061,
                0.6666127443313599,
                0.7841169238090515,
                0.999919056892395,
                0.791860044002533,
                1,
                1.4554338455200196,
                0.8024421334266663,
                1.910948395729065,
                0.9308515191078186,
                2.3664631843566896,
                0.9119365811347961,
                1,
                2.59421968460083,
                0.9024791717529297,
                2.8219759464263918,
                0.7420047521591187,
                3.0497324466705324,
                0.7417937517166138,
                1,
                3.1997172832489015,
                0.7416548132896423,
                3.3497018814086916,
                0.8896734118461609,
                3.4996864795684816,
                0.9039291143417358,
                1,
                3.782989025115967,
                0.9308561682701111,
                4.066291809082031,
                0.8572320342063904,
                4.349594593048096,
                0.8102809190750122,
                1,
                4.510645389556885,
                0.7835681438446045,
                4.671696186065674,
                0.3883405923843384,
                4.832746505737305,
                0.22701038420200349,
                1,
                4.938290596008301,
                0.12130513787269592,
                5.043835163116455,
                0.215804785490036,
                5.149379253387451,
                0.19074560701847077,
                1,
                5.2715888023376469,
                0.16173779964447022,
                5.393798351287842,
                0.06723479181528092,
                5.516007900238037,
                0.09893116354942322,
                1,
                5.860400199890137,
                0.18826617300510407,
                6.204792022705078,
                0.5290051698684692,
                6.549184322357178,
                0.6456601619720459,
                1,
                6.660279750823975,
                0.6832975149154663,
                6.771374702453613,
                0.5193809866905212,
                6.88247013092041,
                0.5225528478622437,
                1,
                7.0546698570251469,
                0.5274689793586731,
                7.226868629455566,
                0.7769842147827148,
                7.3990678787231449,
                0.8117485046386719,
                1,
                7.982352256774902,
                0.9295015335083008,
                8.565635681152344,
                0.9138559103012085,
                9.148919105529786,
                0.8049805164337158,
                1,
                9.432356834411621,
                0.7520726919174194,
                9.71579360961914,
                1.0270038843154908,
                9.999231338500977,
                0.925079882144928
            ]
        },
        {
            "Target": "Parameter",
            "Id": "ParamMouthOpenY",
            "Segments": [
                0,
                0.035248082131147388,
                1,
                3.3330771923065187,
                0.02819206379354,
                6.666154384613037,
                0.04350411891937256,
                9.999231338500977,
                0.02118539996445179
            ]
        },
        {
            "Target": "Parameter",
            "Id": "ParamCheek",
            "Segments": [
                0,
                0,
                1,
                3.3330771923065187,
                0,
                6.666154384613037,
                0,
                9.999231338500977,
                0.0
            ]
        },
        {
            "Target": "Parameter",
            "Id": "ParamBodyAngleX",
            "Segments": [
                0,
                0,
                1,
                3.3330771923065187,
                0,
                6.666154384613037,
                0,
                9.999231338500977,
                0.0
            ]
        },
        {
            "Target": "Parameter",
            "Id": "ParamBodyAngleY",
            "Segments": [
                0,
                0,
                1,
                3.3330771923065187,
                0,
                6.666154384613037,
                0,
                9.999231338500977,
                0.0
            ]
        },
        {
            "Target": "Parameter",
            "Id": "ParamBodyAngleZ",
            "Segments": [
                0,
                0,
                1,
                3.3330771923065187,
                0,
                6.666154384613037,
                0,
                9.999231338500977,
                0.0
            ]
        },
        {
            "Target": "Parameter",
            "Id": "ParamBreath",
            "Segments": [
                0,
                0.9051591157913208,
                1,
                0.6499257683753967,
                0.6205742359161377,
                1.2998515367507935,
                -0.08522811532020569,
                1.9497772455215455,
                0.011394440196454525,
                1,
                2.666363477706909,
                0.11792325228452683,
                3.3829495906829836,
                1.0394092798233033,
                4.099535942077637,
                0.9982960820198059,
                1,
                4.860562801361084,
                0.9546338319778442,
                5.621590614318848,
                -0.06796783953905106,
                6.382617473602295,
                0.004670625552535057,
                1,
                7.021431922912598,
                0.0656435415148735,
                7.6602463722229,
                0.8330001831054688,
                8.299060821533204,
                0.9743667840957642,
                1,
                8.865784645080567,
                1.0997861623764039,
                9.432507514953614,
                0.6228801012039185,
                9.999231338500977,
                0.26569628715515139
            ]
        },
        {
            "Target": "Parameter",
            "Id": "ParamHairFront",
            "Segments": [
                0,
                0,
                1,
                3.3330771923065187,
                0,
                6.666154384613037,
                0,
                9.999231338500977,
                0.0
            ]
        },
        {
            "Target": "Parameter",
            "Id": "ParamHairSide",
            "Segments": [
                0,
                0,
                1,
                3.3330771923065187,
                0,
                6.666154384613037,
                0,
                9.999231338500977,
                0.0
            ]
        },
        {
            "Target": "Parameter",
            "Id": "ParamHairBack",
            "Segments": [
                0,
                0,
                1,
                3.3330771923065187,
                0,
                6.666154384613037,
                0,
                9.999231338500977,
                0.0
            ]
        }
    ]
}