{
    "Version": 0,
    "Meta": {
        "Duration": 9.99937629699707,
        "Fps": 60.0,
        "Loop": true,
        "AreBeziersRestricted": true,
        "CurveCount": 24,
        "TotalSegmentCount": 95,
        "TotalPointCount": 381,
        "UserDataCount": 0,
        "TotalUserDataSize": 0
    },
    "Curves": [
        {
            "Target": "Parameter",
            "Id": "ParamEyeLOpen",
            "Segments": [
                0,
                0.46774011850357058,
                1,
                0.3222018778324127,
                0.42097800970077517,
                0.6444036960601807,
                0.5417084693908691,
                0.9666056036949158,
                0.4793187081813812,
                1,
                1.0221565961837769,
                0.46856167912483218,
                1.0777074098587037,
                0.42549651861190798,
                1.1332584619522095,
                0.4202252924442291,
                1,
                1.1665897369384766,
                0.41708415746688845,
                1.1999210119247437,
                0.5437480211257935,
                1.2332521677017213,
                0.41647669672966006,
                1,
                1.2720465660095215,
                0.2669575810432434,
                1.3108407258987427,
                -0.008082233369350434,
                1.3496350049972535,
                0.0640762448310852,
                1,
                1.3718101978302003,
                0.10494248569011688,
                1.3939851522445679,
                0.26197385787963869,
                1.416160225868225,
                0.2957371473312378,
                1,
                1.5105947256088257,
                0.4391568601131439,
                1.6050289869308472,
                0.3995223045349121,
                1.6994634866714478,
                0.4233786165714264,
                1,
                1.9216711521148682,
                0.4795217216014862,
                2.143878698348999,
                0.46393609046936037,
                2.36608624458313,
                0.44824424386024477,
                1,
                2.8327231407165529,
                0.41529184579849245,
                3.2993600368499758,
                0.4059247076511383,
                3.7659969329833986,
                0.37766680121421816,
                1,
                4.293741703033447,
                0.34570854902267458,
                4.821485996246338,
                0.41054245829582217,
                5.3492302894592289,
                0.38701215386390688,
                1,
                5.999189376831055,
                0.35803282260894778,
                6.649147987365723,
                0.24417389929294587,
                7.299106597900391,
                0.3374030292034149,
                1,
                7.482415199279785,
                0.3636980652809143,
                7.66572380065918,
                0.5885299444198608,
                7.849031925201416,
                0.6141238212585449,
                1,
                8.026796340942383,
                0.6389431357383728,
                8.204561233520508,
                0.513373076915741,
                8.382326126098633,
                0.48423075675964358,
                1,
                8.921342849731446,
                0.3958694338798523,
                9.460359573364258,
                0.282487690448761,
                9.99937629699707,
                0.4094681143760681
            ]
        },
        {
            "Target": "Parameter",
            "Id": "ParamEyeLSmile",
            "Segments": [
                0,
                0,
                1,
                3.333125352859497,
                0,
                6.666250705718994,
                0,
                9.99937629699707,
                0.0
            ]
        },
        {
            "Target": "Parameter",
            "Id": "ParamEyeROpen",
            "Segments": [
                0,
                1,
                1,
                3.333125352859497,
                1,
                6.666250705718994,
                1,
                9.99937629699707,
                1.0
            ]
        },
        {
            "Target": "Parameter",
            "Id": "ParamEyeRSmile",
            "Segments": [
                0,
                0,
                1,
                3.333125352859497,
                0,
                6.666250705718994,
                0,
                9.99937629699707,
                0.0
            ]
        },
        {
            "Target": "Parameter",
            "Id": "ParamEyeBallX",
            "Segments": [
                0,
                -0.8206309080123901,
                1,
                0.2666497826576233,
                -0.7968769073486328,
                0.5332996249198914,
                -0.8451050519943237,
                0.7999494075775147,
                -0.8470045924186707,
                1,
                0.8888305425643921,
                -0.8476378321647644,
                0.9777117371559143,
                -0.8190725445747376,
                1.0665929317474366,
                -0.7968047261238098,
                1,
                1.1165891885757447,
                -0.7843137979507446,
                1.1665852069854737,
                -0.8919726610183716,
                1.2165814638137818,
                -0.7646157145500183,
                1,
                1.2442429065704346,
                -0.6934444904327393,
                1.2719043493270875,
                -0.38865670561790469,
                1.2995657920837403,
                -0.37274378538131716,
                1,
                1.355082392692566,
                -0.34125569462776186,
                1.4105987548828126,
                -0.6519834399223328,
                1.4661153554916382,
                -0.6835997700691223,
                1,
                1.6549919843673707,
                -0.7912076711654663,
                1.8438684940338135,
                -0.7264859080314636,
                2.032745122909546,
                -0.7028657793998718,
                1,
                2.271618604660034,
                -0.6729885339736939,
                2.5104920864105226,
                -0.6093363165855408,
                2.7493653297424318,
                -0.6581217050552368,
                1,
                2.8771331310272219,
                -0.6842144131660461,
                3.0049006938934328,
                -0.8264855742454529,
                3.1326682567596437,
                -0.7778873443603516,
                1,
                3.215981960296631,
                -0.7461894750595093,
                3.299295425415039,
                -0.5256248116493225,
                3.3826091289520265,
                -0.5230664014816284,
                1,
                3.5159249305725099,
                -0.5189738273620606,
                3.649240732192993,
                -0.7860523462295532,
                3.7825565338134767,
                -0.7831959128379822,
                1,
                3.9158737659454347,
                -0.7803395390510559,
                4.049191474914551,
                -0.541128933429718,
                4.182508945465088,
                -0.5601587891578674,
                1,
                4.849131107330322,
                -0.6553062796592712,
                5.51575231552124,
                -0.6746379137039185,
                6.182374477386475,
                -0.6646636128425598,
                1,
                6.4601335525512699,
                -0.6605076789855957,
                6.737893104553223,
                -0.6759978532791138,
                7.015652179718018,
                -0.6526474356651306,
                1,
                7.165641784667969,
                -0.6400482058525086,
                7.31563138961792,
                -0.8321632742881775,
                7.465620994567871,
                -0.5931686758995056,
                1,
                7.487819194793701,
                -0.5577177405357361,
                7.510016918182373,
                -0.447565495967865,
                7.532215118408203,
                -0.42892986536026,
                1,
                7.604429721832275,
                -0.36842381954193118,
                7.676644325256348,
                -0.47892096638679507,
                7.74885892868042,
                -0.5139145851135254,
                1,
                7.859961986541748,
                -0.5677732229232788,
                7.971065521240234,
                -0.5169259309768677,
                8.082168579101563,
                -0.5208262801170349,
                1,
                8.309931755065918,
                -0.528822660446167,
                8.53769588470459,
                -0.46838611364364626,
                8.765459060668946,
                -0.5254042148590088,
                1,
                9.065438270568848,
                -0.600497305393219,
                9.365418434143067,
                -0.7715224623680115,
                9.665397644042969,
                -0.6271665692329407,
                1,
                9.776723861694336,
                -0.5735752582550049,
                9.888050079345704,
                -0.33851438760757449,
                9.99937629699707,
                -0.22394050657749177
            ]
        },
        {
            "Target": "Parameter",
            "Id": "ParamEyeBallY",
            "Segments": [
                0,
                -0.10988737642765045,
                1,
                0.32775720953941347,
                -0.13266998529434205,
                0.6555143594741821,
                0.04279862344264984,
                0.9832715392112732,
                -0.15322910249233247,
                1,
                1.0999201536178589,
                -0.22299669682979585,
                1.216568946838379,
                -0.3305165767669678,
                1.3332175016403199,
                -0.3443078398704529,
                1,
                1.6831943988800049,
                -0.3856915235519409,
                2.0331711769104006,
                -0.24496197700500489,
                2.383148193359375,
                -0.2446288764476776,
                1,
                3.577516794204712,
                -0.24349206686019898,
                4.771885395050049,
                -0.1564115583896637,
                5.966254234313965,
                -0.13166870176792146,
                1,
                7.310628414154053,
                -0.1038181409239769,
                8.65500259399414,
                -0.24723315238952638,
                9.99937629699707,
                -0.08514720946550369
            ]
        },
        {
            "Target": "Parameter",
            "Id": "ParamBrowLY",
            "Segments": [
                0,
                0,
                1,
                3.333125352859497,
                0,
                6.666250705718994,
                0,
                9.99937629699707,
                0.0
            ]
        },
        {
            "Target": "Parameter",
            "Id": "ParamBrowRY",
            "Segments": [
                0,
                0,
                1,
                3.333125352859497,
                0,
                6.666250705718994,
                0,
                9.99937629699707,
                0.0
            ]
        },
        {
            "Target": "Parameter",
            "Id": "ParamBrowLX",
            "Segments": [
                0,
                0,
                1,
                3.333125352859497,
                0,
                6.666250705718994,
                0,
                9.99937629699707,
                0.0
            ]
        },
        {
            "Target": "Parameter",
            "Id": "ParamBrowRX",
            "Segments": [
                0,
                0.08703456073999405,
                1,
                0.449967622756958,
                0.05722968652844429,
                0.899935245513916,
                0.19445474445819856,
                1.349902868270874,
                0.1648404449224472,
                1,
                1.9998594522476197,
                0.12206205725669861,
                2.6498165130615236,
                -0.0327015295624733,
                3.2997729778289797,
                -0.07822886854410172,
                1,
                4.805232524871826,
                -0.18368098139762879,
                6.310691833496094,
                -0.1494876891374588,
                7.8161516189575199,
                -0.05874709412455559,
                1,
                8.543893814086914,
                -0.014883287250995636,
                9.271634101867676,
                -0.2881089448928833,
                9.99937629699707,
                -0.09460291266441345
            ]
        },
        {
            "Target": "Parameter",
            "Id": "ParamBrowLAngle",
            "Segments": [
                0,
                0.0836825966835022,
                1,
                0.44996845722198489,
                0.055403415113687518,
                0.899936854839325,
                0.18537640571594239,
                1.3499053716659547,
                0.15168485045433045,
                1,
                3.5053224563598635,
                -0.009710907936096192,
                5.660738945007324,
                -0.23048493266105653,
                7.816156387329102,
                -0.06329812854528427,
                1,
                8.543896675109864,
                -0.006851173937320709,
                9.271636962890625,
                -0.2756725549697876,
                9.99937629699707,
                -0.09675609320402146
            ]
        },
        {
            "Target": "Parameter",
            "Id": "ParamBrowRAngle",
            "Segments": [
                0,
                0.1787857860326767,
                1,
                2.355403423309326,
                0.14126911759376527,
                4.710806369781494,
                -0.1330549269914627,
                7.0662102699279789,
                -0.1162211000919342,
                1,
                7.316193103790283,
                -0.11443448811769486,
                7.566176414489746,
                0.0088461609557271,
                7.816159248352051,
                0.010944206267595292,
                1,
                8.543898582458496,
                0.01705181784927845,
                9.271637916564942,
                -0.3214865028858185,
                9.99937629699707,
                -0.03069884330034256
            ]
        },
        {
            "Target": "Parameter",
            "Id": "ParamBrowLForm",
            "Segments": [
                0,
                0,
                1,
                3.333125352859497,
                0,
                6.666250705718994,
                0,
                9.99937629699707,
                0.0
            ]
        },
        {
            "Target": "Parameter",
            "Id": "ParamBrowRForm",
            "Segments": [
                0,
                0,
                1,
                3.333125352859497,
                0,
                6.666250705718994,
                0,
                9.99937629699707,
                0.0
            ]
        },
        {
            "Target": "Parameter",
            "Id": "ParamMouthForm",
            "Segments": [
                0,
                0.7985292077064514,
                1,
                1.1499240398406983,
                0.7535846829414368,
                2.2998483180999758,
                0.9787036180496216,
                3.449772357940674,
                0.9537393450737,
                1,
                4.771908283233643,
                0.925036609172821,
                6.0940446853637699,
                1.1375632286071778,
                7.4161810874938969,
                0.9988399744033814,
                1,
                7.505054473876953,
                0.9895125031471252,
                7.593927383422852,
                0.8221628665924072,
                7.682800769805908,
                0.813115119934082,
                1,
                7.910562515258789,
                0.7899315357208252,
                8.138323783874512,
                0.9509032964706421,
                8.36608600616455,
                0.9579362869262695,
                1,
                8.910515785217286,
                0.9747477769851685,
                9.454946517944336,
                0.9950870871543884,
                9.99937629699707,
                0.998758852481842
            ]
        },
        {
            "Target": "Parameter",
            "Id": "ParamMouthOpenY",
            "Segments": [
                0,
                0.042640551924705508,
                1,
                1.833219051361084,
                0.025644373148679735,
                3.666438102722168,
                -0.19283175468444825,
                5.499657154083252,
                0.03350955620408058,
                1,
                5.6385345458984379,
                0.0506570041179657,
                5.777411460876465,
                0.16942167282104493,
                5.91628885269165,
                0.18072204291820527,
                1,
                6.2107133865356449,
                0.20467959344387055,
                6.505138397216797,
                0.07625340670347214,
                6.799562454223633,
                0.0621892586350441,
                1,
                7.8661675453186039,
                0.011240143328905106,
                8.932771682739258,
                0.018875598907470704,
                9.99937629699707,
                0.02604040876030922
            ]
        },
        {
            "Target": "Parameter",
            "Id": "ParamCheek",
            "Segments": [
                0,
                0,
                1,
                3.333125352859497,
                0,
                6.666250705718994,
                0,
                9.99937629699707,
                0.0
            ]
        },
        {
            "Target": "Parameter",
            "Id": "ParamBodyAngleX",
            "Segments": [
                0,
                -4.126978874206543,
                1,
                0.37219104170799258,
                -4.272058486938477,
                0.7443820834159851,
                -3.8924927711486818,
                1.1165730953216553,
                -4.018580436706543,
                1,
                1.4276138544082642,
                -4.123971462249756,
                1.738654375076294,
                -4.846890926361084,
                2.0496950149536135,
                -5.00813627243042,
                1,
                2.766225576400757,
                -5.37965726852417,
                3.482755661010742,
                -5.009029865264893,
                4.199285984039307,
                -4.817709445953369,
                1,
                4.615915298461914,
                -4.706503391265869,
                5.03254508972168,
                -5.63308572769165,
                5.449174404144287,
                -5.013870716094971,
                1,
                5.570618152618408,
                -4.831247329711914,
                5.692061901092529,
                -3.278491258621216,
                5.81350564956665,
                -2.7169883251190187,
                1,
                6.018762111663818,
                -1.7753164768218995,
                6.2240190505981449,
                -1.9114935398101807,
                6.429275989532471,
                -0.8264957070350647,
                1,
                6.583693981170654,
                -0.004953444004058838,
                6.7381110191345219,
                1.5447088479995728,
                6.892529010772705,
                2.515892505645752,
                1,
                7.042266368865967,
                3.4519896507263185,
                7.19200325012207,
                3.787601947784424,
                7.341740608215332,
                3.936333417892456,
                1,
                7.624617099761963,
                4.2179646492004398,
                7.907492637634277,
                2.257337808609009,
                8.19036865234375,
                1.971374273300171,
                1,
                8.793371200561524,
                1.3642141819000245,
                9.396374702453614,
                1.8869884014129639,
                9.99937629699707,
                2.1662485599517824
            ]
        },
        {
            "Target": "Parameter",
            "Id": "ParamBodyAngleY",
            "Segments": [
                0,
                0.73658686876297,
                1,
                0.6832892298698425,
                0.8161773681640625,
                1.3665783405303956,
                0.8074984550476074,
                2.049867630004883,
                0.6638668775558472,
                1,
                2.288736343383789,
                0.6136552095413208,
                2.5276050567626955,
                0.449374258518219,
                2.7664735317230226,
                0.41542893648147585,
                1,
                3.6941933631896974,
                0.2836019992828369,
                4.621912956237793,
                0.2864709496498108,
                5.549632549285889,
                0.38185229897499087,
                1,
                5.7718071937561039,
                0.4046977460384369,
                5.993981838226318,
                0.8545501232147217,
                6.216156482696533,
                1.0553698539733887,
                1,
                6.621668815612793,
                1.4219350814819337,
                7.027181148529053,
                1.62527596950531,
                7.432693958282471,
                1.5908795595169068,
                1,
                7.510457515716553,
                1.5842852592468262,
                7.588221073150635,
                1.6010584831237794,
                7.665984630584717,
                1.4257452487945557,
                1,
                7.727016925811768,
                1.2879796028137208,
                7.788049221038818,
                1.0175033807754517,
                7.849081516265869,
                0.8878697752952576,
                1,
                7.9657135009765629,
                0.6403955221176148,
                8.082345962524414,
                0.5267030000686646,
                8.19897747039795,
                0.4675940275192261,
                1,
                8.448960304260254,
                0.340937077999115,
                8.698941230773926,
                0.47899994254112246,
                8.94892406463623,
                0.5133697986602783,
                1,
                9.29907512664795,
                0.5615101456642151,
                9.649225234985352,
                0.5409295558929443,
                9.99937629699707,
                0.5199968218803406
            ]
        },
        {
            "Target": "Parameter",
            "Id": "ParamBodyAngleZ",
            "Segments": [
                0,
                0,
                1,
                3.333125352859497,
                0,
                6.666250705718994,
                0,
                9.99937629699707,
                0.0
            ]
        },
        {
            "Target": "Parameter",
            "Id": "ParamBreath",
            "Segments": [
                0,
                0.7571620941162109,
                1,
                0.4110790491104126,
                0.9952827095985413,
                0.8221580386161804,
                1.0684462785720826,
                1.2332371473312379,
                0.8838340640068054,
                1,
                1.8609519004821778,
                0.6019344329833984,
                2.4886667728424074,
                -0.073881134390831,
                3.1163814067840578,
                0.009097403846681118,
                1,
                3.844088554382324,
                0.10529006272554398,
                4.571795463562012,
                1.0506515502929688,
                5.299502849578857,
                0.9972232580184937,
                1,
                6.071650981903076,
                0.9405331611633301,
                6.843799591064453,
                -0.10020770132541657,
                7.61594820022583,
                0.010645988397300244,
                1,
                8.41042423248291,
                0.12470322102308274,
                9.204900741577149,
                1.157387375831604,
                9.99937629699707,
                0.9601253271102905
            ]
        },
        {
            "Target": "Parameter",
            "Id": "ParamHairFront",
            "Segments": [
                0,
                0,
                1,
                3.333125352859497,
                0,
                6.666250705718994,
                0,
                9.99937629699707,
                0.0
            ]
        },
        {
            "Target": "Parameter",
            "Id": "ParamHairSide",
            "Segments": [
                0,
                0,
                1,
                3.333125352859497,
                0,
                6.666250705718994,
                0,
                9.99937629699707,
                0.0
            ]
        },
        {
            "Target": "Parameter",
            "Id": "ParamHairBack",
            "Segments": [
                0,
                0,
                1,
                3.333125352859497,
                0,
                6.666250705718994,
                0,
                9.99937629699707,
                0.0
            ]
        }
    ]
}