{
    "Version": 0,
    "Meta": {
        "Duration": 9.999078750610352,
        "Fps": 60.0,
        "Loop": true,
        "AreBeziersRestricted": true,
        "CurveCount": 26,
        "TotalSegmentCount": 169,
        "TotalPointCount": 611,
        "UserDataCount": 0,
        "TotalUserDataSize": 0
    },
    "Curves": [
        {
            "Target": "Parameter",
            "Id": "ParamAngleX",
            "Segments": [
                0,
                -29.999980926513673,
                1,
                3.333026170730591,
                -30.000030517578126,
                6.666052341461182,
                -29.999980926513673,
                9.999078750610352,
                -29.999980926513673
            ]
        },
        {
            "Target": "Parameter",
            "Id": "ParamAngleY",
            "Segments": [
                0,
                -13.55739974975586,
                1,
                0.09066302329301834,
                -14.040172576904297,
                0.1813260316848755,
                -13.131612777709961,
                0.27198904752731326,
                -10.248437881469727,
                1,
                0.3458482623100281,
                -8.583200454711914,
                0.41970744729042055,
                -2.8112454414367677,
                0.4935666620731354,
                -3.9751925468444826,
                1,
                0.5500451326370239,
                -6.776806354522705,
                0.6065235733985901,
                -27.345102310180665,
                0.6630020141601563,
                -30.0,
                1,
                0.7741029262542725,
                -31.990333557128908,
                0.8852037787437439,
                -30.0,
                0.9963046908378601,
                -30.0,
                1,
                1.2240614891052247,
                -30.0,
                1.4518182277679444,
                -30.0,
                1.679574966430664,
                -30.0,
                1,
                2.3517351150512697,
                -30.0,
                3.023895740509033,
                -30.0,
                3.6960558891296388,
                -30.0,
                1,
                4.012693405151367,
                -30.0,
                4.329330921173096,
                -30.0,
                4.645968437194824,
                -30.0,
                1,
                4.807064533233643,
                -30.0,
                4.968161106109619,
                -33.19679260253906,
                5.1292572021484379,
                -30.0,
                1,
                5.190306186676025,
                -27.27395248413086,
                5.251354217529297,
                21.632688522338868,
                5.312403202056885,
                23.051616668701173,
                1,
                5.401284217834473,
                24.689023971557618,
                5.490164279937744,
                23.051616668701173,
                5.579045295715332,
                23.051616668701173,
                1,
                5.66792631149292,
                23.051616668701173,
                5.756806373596191,
                24.802228927612306,
                5.845687389373779,
                23.051616668701173,
                1,
                5.876944541931152,
                22.19475555419922,
                5.908201694488525,
                -14.347562789916993,
                5.939458847045898,
                -19.3850154876709,
                1,
                5.944316387176514,
                -20.11192512512207,
                5.949174404144287,
                -24.551116943359376,
                5.954031467437744,
                -24.676694869995118,
                1,
                6.032397747039795,
                -24.86016273498535,
                6.110764026641846,
                -10.863792419433594,
                6.1891303062438969,
                -9.551406860351563,
                1,
                6.350038051605225,
                -4.844941139221191,
                6.510946273803711,
                -13.876814842224121,
                6.671854496002197,
                -12.328877449035645,
                1,
                6.819461345672607,
                -10.87253475189209,
                6.967069149017334,
                -0.6904436945915222,
                7.114675998687744,
                0.6222077012062073,
                1,
                7.262960433959961,
                1.670931339263916,
                7.4112443923950199,
                4.199728965759277,
                7.559528827667236,
                3.516789197921753,
                1,
                7.722450256347656,
                2.706850528717041,
                7.885371208190918,
                -0.7979979515075684,
                8.048293113708496,
                -0.7563377022743225,
                1,
                8.158055305480957,
                -0.7297403812408447,
                8.267817497253418,
                1.8525137901306153,
                8.377579689025879,
                2.0160398483276369,
                1,
                8.91808032989502,
                2.805878162384033,
                9.458579063415528,
                1.884775996208191,
                9.999078750610352,
                1.9120254516601563
            ]
        },
        {
            "Target": "Parameter",
            "Id": "ParamAngleZ",
            "Segments": [
                0,
                0,
                1,
                3.333026170730591,
                0,
                6.666052341461182,
                0,
                9.999078750610352,
                0.0
            ]
        },
        {
            "Target": "Parameter",
            "Id": "ParamEyeLOpen",
            "Segments": [
                0,
                0.268544465303421,
                1,
                0.12776584923267365,
                0.27078962326049807,
                0.2555316984653473,
                0.4849826991558075,
                0.38329753279685976,
                0.2561354339122772,
                1,
                0.46104320883750918,
                0.11679121851921082,
                0.5387888550758362,
                -0.08375544100999832,
                0.6165345311164856,
                0.023412257432937623,
                1,
                0.7609254121780396,
                0.2219834178686142,
                0.9053162336349487,
                0.03721291571855545,
                1.049707055091858,
                0.03721291571855545,
                1,
                1.3330143690109254,
                0.03721291571855545,
                1.6163215637207032,
                0.03721291571855545,
                1.899628758430481,
                0.03721291571855545,
                1,
                2.743917226791382,
                0.03721291571855545,
                3.5882058143615724,
                0.05221814662218094,
                4.432494163513184,
                0.05221814662218094,
                1,
                4.5547051429748539,
                0.05221814662218094,
                4.676916122436523,
                0.05221814662218094,
                4.799127101898193,
                0.05221814662218094,
                1,
                4.85467004776001,
                0.05221814662218094,
                4.910213470458984,
                -0.20801164209842683,
                4.965756416320801,
                0.0006569839315488935,
                1,
                4.976766586303711,
                0.042645230889320376,
                4.987776756286621,
                0.2094711810350418,
                4.9987874031066898,
                0.25322777032852175,
                1,
                5.048769474029541,
                0.450103759765625,
                5.098751544952393,
                0.390532523393631,
                5.148733615875244,
                0.40016070008277895,
                1,
                5.182064056396484,
                0.4065544605255127,
                5.215393543243408,
                0.523680567741394,
                5.248723983764648,
                0.41888707876205447,
                1,
                5.265301704406738,
                0.36636728048324587,
                5.281879425048828,
                0.1794775426387787,
                5.298457145690918,
                0.1422911137342453,
                1,
                5.426218032836914,
                -0.14144732058048249,
                5.553979396820068,
                0.06399597227573395,
                5.681740760803223,
                0.06399597227573395,
                1,
                5.73729133605957,
                0.06399597227573395,
                5.79284143447876,
                0.1472996175289154,
                5.848392009735107,
                0.06399597227573395,
                1,
                5.870602130889893,
                0.030886169523000718,
                5.8928117752075199,
                -0.08889465034008026,
                5.915021896362305,
                0.0025904227513819935,
                1,
                5.925995349884033,
                0.048478852957487109,
                5.936967849731445,
                0.23870962858200074,
                5.947940826416016,
                0.2924855053424835,
                1,
                5.981216907501221,
                0.453819215297699,
                6.014492988586426,
                0.5399360656738281,
                6.047769069671631,
                0.6328107118606567,
                1,
                6.125523090362549,
                0.8499493598937988,
                6.203277587890625,
                0.8158161044120789,
                6.281032085418701,
                0.8629856109619141,
                1,
                6.325469017028809,
                0.8898321986198425,
                6.369905948638916,
                1.0699734687805176,
                6.414342880249023,
                0.9564706087112427,
                1,
                6.425429344177246,
                0.9319320917129517,
                6.436516284942627,
                1.0099754333496094,
                6.44760274887085,
                0.8694921731948853,
                1,
                6.458103656768799,
                0.15540063381195069,
                6.468603610992432,
                0.7534929513931274,
                6.479104518890381,
                0.280358225107193,
                1,
                6.495734214782715,
                0.12534822523593903,
                6.512364387512207,
                0.11959777027368546,
                6.528994560241699,
                0.11192391812801361,
                1,
                6.540102958679199,
                0.11135436594486237,
                6.551210880279541,
                0.06941240280866623,
                6.562319278717041,
                0.07615025341510773,
                1,
                6.573156356811523,
                0.08521077036857605,
                6.583994388580322,
                0.4657628536224365,
                6.594831466674805,
                0.4820234179496765,
                1,
                6.616946697235107,
                0.7061742544174194,
                6.639062404632568,
                0.8822125792503357,
                6.661177158355713,
                0.8209992051124573,
                1,
                6.677422523498535,
                0.7720987796783447,
                6.693666934967041,
                0.4413842260837555,
                6.709911823272705,
                0.28436529636383059,
                1,
                6.726540565490723,
                0.13396309316158296,
                6.74316930770874,
                0.12826836109161378,
                6.759798049926758,
                0.11287427693605423,
                1,
                6.792950630187988,
                0.08122129738330841,
                6.826103687286377,
                0.357141375541687,
                6.859256267547607,
                0.5322703719139099,
                1,
                6.898087024688721,
                0.7341217994689941,
                6.936916828155518,
                0.8243443965911865,
                6.975747585296631,
                0.8835532069206238,
                1,
                7.097955226898193,
                1.069661021232605,
                7.220162868499756,
                0.9861547350883484,
                7.342370510101318,
                0.9916130304336548,
                1,
                7.442361354827881,
                0.9960769414901733,
                7.542352199554443,
                1.1303763389587403,
                7.642343044281006,
                0.99809730052948,
                1,
                7.658958435058594,
                0.9761838316917419,
                7.675572872161865,
                1.0459502935409547,
                7.692188262939453,
                0.8474279046058655,
                1,
                7.702813148498535,
                0.4930141866207123,
                7.713438034057617,
                0.6284130811691284,
                7.724062442779541,
                0.30968794226646426,
                1,
                7.746234893798828,
                0.07652483880519867,
                7.768408298492432,
                0.0977950245141983,
                7.790580749511719,
                0.09521996974945069,
                1,
                7.823835372924805,
                0.0912744477391243,
                7.857089519500732,
                0.3202550411224365,
                7.890344142913818,
                0.3637198209762573,
                1,
                8.051412582397461,
                0.5735315680503845,
                8.212480545043946,
                0.7963524460792542,
                8.373549461364746,
                0.8410072326660156,
                1,
                8.590188980102539,
                0.9010847210884094,
                8.806828498840332,
                0.7166439890861511,
                9.023468017578125,
                0.6706894040107727,
                1,
                9.348671913146973,
                0.6017171740531921,
                9.673874855041504,
                0.6443173885345459,
                9.999078750610352,
                0.7308298945426941
            ]
        },
        {
            "Target": "Parameter",
            "Id": "ParamEyeLSmile",
            "Segments": [
                0,
                0,
                1,
                3.333026170730591,
                0,
                6.666052341461182,
                0,
                9.999078750610352,
                0.0
            ]
        },
        {
            "Target": "Parameter",
            "Id": "ParamEyeROpen",
            "Segments": [
                0,
                1,
                1,
                3.333026170730591,
                1,
                6.666052341461182,
                1,
                9.999078750610352,
                1.0
            ]
        },
        {
            "Target": "Parameter",
            "Id": "ParamEyeRSmile",
            "Segments": [
                0,
                0,
                1,
                3.333026170730591,
                0,
                6.666052341461182,
                0,
                9.999078750610352,
                0.0
            ]
        },
        {
            "Target": "Parameter",
            "Id": "ParamEyeBallY",
            "Segments": [
                0,
                -0.5066697001457214,
                1,
                0.12220922112464905,
                -0.4610866904258728,
                0.2444184273481369,
                -0.3859451115131378,
                0.36662763357162478,
                -0.4445117115974426,
                1,
                0.4332815408706665,
                -0.4764552414417267,
                0.49993541836738589,
                -0.6063072681427002,
                0.5665892958641052,
                -0.5985766053199768,
                1,
                0.9887712597846985,
                -0.5496195554733276,
                1.410953164100647,
                -0.5319510698318481,
                1.8331351280212403,
                -0.5319510698318481,
                1,
                2.5552873611450197,
                -0.5319510698318481,
                3.277439832687378,
                -0.6203807592391968,
                3.9995920658111574,
                -0.4970175325870514,
                1,
                4.049559593200684,
                -0.48847606778144839,
                4.099526882171631,
                -0.7148456573486328,
                4.149494171142578,
                -0.7402521371841431,
                1,
                4.321700572967529,
                -0.827709972858429,
                4.493906497955322,
                -0.7402521371841431,
                4.666113376617432,
                -0.7402521371841431,
                1,
                4.899399757385254,
                -0.7402521371841431,
                5.132686614990234,
                -0.7978169918060303,
                5.365972995758057,
                -0.6654645800590515,
                1,
                5.527069091796875,
                -0.5740968585014343,
                5.688165187835693,
                -0.840522050857544,
                5.849261283874512,
                -0.6652081608772278,
                1,
                5.904788970947266,
                -0.6048141717910767,
                5.960317134857178,
                -0.48286980390548708,
                6.015844821929932,
                -0.4702542722225189,
                1,
                6.182488441467285,
                -0.43238502740859988,
                6.349132061004639,
                -0.6750675439834595,
                6.51577615737915,
                -0.6993963122367859,
                1,
                6.565758228302002,
                -0.706693172454834,
                6.615739822387695,
                -0.47942227125167849,
                6.665721893310547,
                -0.5659895539283752,
                1,
                6.699019908905029,
                -0.6235346794128418,
                6.7323174476623539,
                -0.75709468126297,
                6.765614986419678,
                -0.7707661986351013,
                1,
                6.832260608673096,
                -0.7981141209602356,
                6.898905277252197,
                -0.5929635763168335,
                6.965550422668457,
                -0.5926538705825806,
                1,
                7.204413414001465,
                -0.5915436148643494,
                7.443276882171631,
                -0.6416484713554382,
                7.682139873504639,
                -0.5970255136489868,
                1,
                7.726569175720215,
                -0.5887225270271301,
                7.770999431610107,
                -0.6998407244682312,
                7.815428733825684,
                -0.6895498633384705,
                1,
                7.887629508972168,
                -0.6728232502937317,
                7.959829330444336,
                -0.45620614290237429,
                8.03203010559082,
                -0.44581127166748049,
                1,
                8.21533489227295,
                -0.4194347858428955,
                8.398640632629395,
                -0.7270955443382263,
                8.581945419311524,
                -0.7465518116950989,
                1,
                9.054323196411133,
                -0.7966939210891724,
                9.526700973510743,
                -0.6303806304931641,
                9.999078750610352,
                -0.5975713133811951
            ]
        },
        {
            "Target": "Parameter",
            "Id": "ParamEyeBallX",
            "Segments": [
                0,
                -0.21841047704219819,
                1,
                0.13332048058509828,
                -0.1934567093849182,
                0.26664096117019656,
                -0.11485815793275833,
                0.3999614417552948,
                -0.21025273203849793,
                1,
                0.522152304649353,
                -0.29771846532821658,
                0.6443431973457336,
                -0.5435810089111328,
                0.766534149646759,
                -0.5747765898704529,
                1,
                1.2053825855255128,
                -0.6867790818214417,
                1.6442309617996216,
                -0.5747817754745483,
                2.0830795764923097,
                -0.5747817754745483,
                1,
                2.505262851715088,
                -0.5747817754745483,
                2.927446126937866,
                -0.5747817754745483,
                3.3496294021606447,
                -0.5747817754745483,
                1,
                3.4885053634643556,
                -0.5747817754745483,
                3.6273815631866457,
                -0.5747817754745483,
                3.7662577629089357,
                -0.5747817754745483,
                1,
                3.838473081588745,
                -0.5747817754745483,
                3.910688638687134,
                -0.6794816851615906,
                3.9829041957855226,
                -0.5741207599639893,
                1,
                4.0384297370910648,
                -0.4930354952812195,
                4.093955039978027,
                -0.36164534091949465,
                4.14948034286499,
                -0.3336971402168274,
                1,
                4.449426174163818,
                -0.18279632925987245,
                4.749372959136963,
                -0.3906458616256714,
                5.049318790435791,
                -0.3261500298976898,
                1,
                5.099308013916016,
                -0.3153955936431885,
                5.149296760559082,
                -0.18612627685070039,
                5.199285984039307,
                -0.20500150322914124,
                1,
                5.421482563018799,
                -0.2888466715812683,
                5.643678665161133,
                -0.5028314590454102,
                5.865875244140625,
                -0.31492289900779726,
                1,
                5.949161052703857,
                -0.24444371461868287,
                6.03244686126709,
                0.0532999262213707,
                6.1157331466674809,
                0.13818278908729554,
                1,
                6.187947750091553,
                0.21174556016921998,
                6.260162830352783,
                0.12027140706777573,
                6.3323774337768559,
                0.13126711547374726,
                1,
                6.3657026290893559,
                0.13633768260478974,
                6.399027347564697,
                0.27374422550201418,
                6.432352542877197,
                0.22300535440444947,
                1,
                6.465612888336182,
                0.17201510071754456,
                6.498872756958008,
                -0.0852678045630455,
                6.532133102416992,
                -0.04676910117268562,
                1,
                6.582096576690674,
                0.010317884385585785,
                6.632060527801514,
                0.37476831674575808,
                6.6820244789123539,
                0.22234323620796204,
                1,
                6.698605060577393,
                0.17156527936458589,
                6.71518611907959,
                -0.027032285928726198,
                6.731766700744629,
                -0.06006254255771637,
                1,
                6.798421859741211,
                -0.19156837463378907,
                6.865077972412109,
                -0.010163288563489914,
                6.93173360824585,
                0.029559507966041566,
                1,
                7.0261688232421879,
                0.08590131253004074,
                7.120604038238525,
                0.05035800486803055,
                7.2150397300720219,
                0.05037583410739899,
                1,
                7.370577335357666,
                0.050405193120241168,
                7.5261149406433109,
                0.25271493196487429,
                7.681652545928955,
                0.1401035338640213,
                1,
                7.714942455291748,
                0.11594454199075699,
                7.748231410980225,
                -0.09108780324459076,
                7.781520843505859,
                -0.08952546864748001,
                1,
                7.842596054077148,
                -0.08667027950286865,
                7.9036712646484379,
                0.15657037496566773,
                7.964746952056885,
                0.23194460570812226,
                1,
                8.086949348449707,
                0.3827403783798218,
                8.209152221679688,
                0.3958659768104553,
                8.331354141235352,
                0.4452957808971405,
                1,
                8.50910472869873,
                0.5172380208969116,
                8.686854362487793,
                0.38021159172058108,
                8.864604949951172,
                0.26566243171691897,
                1,
                8.942375183105469,
                0.21556302905082704,
                9.02014446258545,
                0.306363046169281,
                9.097914695739746,
                0.21664731204509736,
                1,
                9.125653266906739,
                0.1845872402191162,
                9.153392791748047,
                0.030750887468457223,
                9.181131362915039,
                -0.019834032282233239,
                1,
                9.242232322692871,
                -0.131044402718544,
                9.30333423614502,
                -0.1144145280122757,
                9.364435195922852,
                -0.12423162162303925,
                1,
                9.431053161621094,
                -0.13496056199073792,
                9.497672080993653,
                0.11674492806196213,
                9.564291000366211,
                0.1883467435836792,
                1,
                9.709219932556153,
                0.34385591745376589,
                9.85414981842041,
                0.40247708559036257,
                9.999078750610352,
                0.4648679792881012
            ]
        },
        {
            "Target": "Parameter",
            "Id": "ParamBrowLY",
            "Segments": [
                0,
                0.5825968980789185,
                1,
                0.5887477993965149,
                -0.10912805795669556,
                1.1774954795837403,
                -1.1885011196136475,
                1.7662433385849,
                -0.9611333012580872,
                1,
                2.410526990890503,
                -0.7123584747314453,
                3.0548110008239748,
                0.8484069108963013,
                3.699094533920288,
                0.9879010319709778,
                1,
                4.47114372253418,
                1.1550651788711548,
                5.24319314956665,
                -0.9396848082542419,
                6.015242099761963,
                -0.9985059499740601,
                1,
                6.715076446533203,
                -1.051828384399414,
                7.414910316467285,
                0.718458890914917,
                8.114745140075684,
                0.9671743512153626,
                1,
                8.7428560256958,
                1.1904369592666627,
                9.370966911315918,
                -0.09336811304092407,
                9.999078750610352,
                -0.7245397567749023
            ]
        },
        {
            "Target": "Parameter",
            "Id": "ParamBrowRY",
            "Segments": [
                0,
                0,
                1,
                3.333026170730591,
                0,
                6.666052341461182,
                0,
                9.999078750610352,
                0.0
            ]
        },
        {
            "Target": "Parameter",
            "Id": "ParamBrowLX",
            "Segments": [
                0,
                0,
                1,
                3.333026170730591,
                0,
                6.666052341461182,
                0,
                9.999078750610352,
                0.0
            ]
        },
        {
            "Target": "Parameter",
            "Id": "ParamBrowRX",
            "Segments": [
                0,
                -0.21127000451087953,
                1,
                1.0165714025497437,
                -0.27944886684417727,
                2.0331428050994875,
                -0.21368776261806489,
                3.0497143268585207,
                -0.21368776261806489,
                1,
                3.388570547103882,
                -0.21368776261806489,
                3.7274270057678224,
                -0.12192963063716889,
                4.066283226013184,
                -0.1759873628616333,
                1,
                4.438455581665039,
                -0.2353619784116745,
                4.810628414154053,
                -0.3421887457370758,
                5.182800769805908,
                -0.24745602905750276,
                1,
                5.549423694610596,
                -0.15412497520446778,
                5.916046142578125,
                -0.16701188683509828,
                6.2826690673828129,
                0.04947454109787941,
                1,
                6.399282455444336,
                0.11834126710891724,
                6.515895843505859,
                0.4643208682537079,
                6.632509231567383,
                0.5840258598327637,
                1,
                6.771383762359619,
                0.726485013961792,
                6.910258769989014,
                0.6501556038856506,
                7.04913330078125,
                0.6515585780143738,
                1,
                7.149113178253174,
                0.6525692343711853,
                7.249092102050781,
                0.45122578740119936,
                7.349071502685547,
                0.4078417718410492,
                1,
                7.454616546630859,
                0.36205634474754336,
                7.560161590576172,
                0.45386257767677309,
                7.665706634521484,
                0.34555864334106448,
                1,
                7.787890434265137,
                0.22012662887573243,
                7.910074234008789,
                -0.04644433781504631,
                8.032258033752442,
                -0.08985812216997147,
                1,
                8.160022735595704,
                -0.1352311670780182,
                8.287786483764649,
                -0.02951405756175518,
                8.41555118560791,
                -0.01755896583199501,
                1,
                8.732185363769532,
                0.012069972231984139,
                9.048818588256836,
                0.051844481378793719,
                9.36545181274414,
                0.10364541411399842,
                1,
                9.576661109924317,
                0.13819512724876405,
                9.787869453430176,
                -0.05185125768184662,
                9.999078750610352,
                -0.032111216336488727
            ]
        },
        {
            "Target": "Parameter",
            "Id": "ParamBrowLAngle",
            "Segments": [
                0,
                -0.21091923117637635,
                1,
                1.3554280996322632,
                -0.30841928720474245,
                2.7108561992645265,
                -0.00341854989528656,
                4.0662841796875,
                -0.18057863414287568,
                1,
                4.43845796585083,
                -0.2292240858078003,
                4.81063175201416,
                -0.3288232088088989,
                5.18280553817749,
                -0.24578793346881867,
                1,
                5.554984092712402,
                -0.1627494990825653,
                5.927161693572998,
                -0.25128355622291567,
                6.29934024810791,
                0.05004805326461792,
                1,
                6.410399436950684,
                0.139987051486969,
                6.521458625793457,
                0.4557453691959381,
                6.6325178146362309,
                0.5717000961303711,
                1,
                6.771392822265625,
                0.7165906429290772,
                6.910266876220703,
                0.6438961029052734,
                7.0491414070129398,
                0.6471577882766724,
                1,
                7.1491217613220219,
                0.649507462978363,
                7.249101638793945,
                0.45890337228775027,
                7.349081993103027,
                0.41299968957901,
                1,
                7.45462703704834,
                0.36455395817756655,
                7.560172080993652,
                0.448699951171875,
                7.665716648101807,
                0.3467010259628296,
                1,
                7.793456554412842,
                0.22320348024368287,
                7.921196460723877,
                -0.049184687435626987,
                8.04893684387207,
                -0.08735819160938263,
                1,
                8.493335723876954,
                -0.22009049355983735,
                8.937734603881836,
                0.055992063134908679,
                9.382133483886719,
                0.09960708022117615,
                1,
                9.58778190612793,
                0.11979012936353684,
                9.79343032836914,
                -0.04733666777610779,
                9.999078750610352,
                -0.031557220965623859
            ]
        },
        {
            "Target": "Parameter",
            "Id": "ParamBrowRAngle",
            "Segments": [
                0,
                -0.13929270207881928,
                1,
                0.8943600654602051,
                -0.2323996126651764,
                1.788719892501831,
                -0.12083705514669419,
                2.683079957962036,
                -0.12083705514669419,
                1,
                3.7774088382720949,
                -0.12083705514669419,
                4.871737003326416,
                -0.20688371360301972,
                5.966065883636475,
                -0.017013322561979295,
                1,
                6.082720756530762,
                0.003222106024622917,
                6.199375152587891,
                -0.03362933546304703,
                6.316030025482178,
                0.07373221218585968,
                1,
                6.388192176818848,
                0.14022427797317506,
                6.460354328155518,
                0.450094074010849,
                6.532516956329346,
                0.5504109859466553,
                1,
                6.693604469299316,
                0.7741974592208862,
                6.854691505432129,
                0.7611338496208191,
                7.015778541564941,
                0.7719054818153381,
                1,
                7.12130069732666,
                0.7789671421051025,
                7.226823329925537,
                0.5266544818878174,
                7.332345485687256,
                0.4338732361793518,
                1,
                7.43789005279541,
                0.3411324918270111,
                7.543434143066406,
                0.42359042167663576,
                7.648978233337402,
                0.361001193523407,
                1,
                7.78228235244751,
                0.2819352149963379,
                7.915585517883301,
                0.036371245980262759,
                8.04888916015625,
                -0.013564832508563996,
                1,
                8.254424095153809,
                -0.09053722023963928,
                8.45995807647705,
                0.09433336555957794,
                8.66549301147461,
                0.09375004470348358,
                1,
                9.110021591186524,
                0.09248833358287811,
                9.554550170898438,
                0.010546591132879258,
                9.999078750610352,
                0.06805096566677094
            ]
        },
        {
            "Target": "Parameter",
            "Id": "ParamBrowLForm",
            "Segments": [
                0,
                0,
                1,
                3.333026170730591,
                0,
                6.666052341461182,
                0,
                9.999078750610352,
                0.0
            ]
        },
        {
            "Target": "Parameter",
            "Id": "ParamBrowRForm",
            "Segments": [
                0,
                0,
                1,
                3.333026170730591,
                0,
                6.666052341461182,
                0,
                9.999078750610352,
                0.0
            ]
        },
        {
            "Target": "Parameter",
            "Id": "ParamMouthForm",
            "Segments": [
                0,
                -0.07545368373394013,
                1,
                1.7442729473114014,
                -0.22549888491630555,
                3.4885458946228029,
                0.013141382485628128,
                5.232818603515625,
                -0.02164604142308235,
                1,
                5.749434947967529,
                -0.03194952383637428,
                6.266051292419434,
                -0.05661855638027191,
                6.78266716003418,
                -0.14481580257415772,
                1,
                7.065971374511719,
                -0.19318342208862306,
                7.3492751121521,
                -0.3243010640144348,
                7.632579326629639,
                -0.2631281614303589,
                1,
                7.715737342834473,
                -0.24507318437099458,
                7.798895359039307,
                0.2702619433403015,
                7.882053375244141,
                0.5709421634674072,
                1,
                7.9486775398254398,
                0.8108912706375122,
                8.015302658081055,
                0.8868226408958435,
                8.081927299499512,
                0.9253499507904053,
                1,
                8.320793151855469,
                1.0634270906448365,
                8.559659004211426,
                0.9963513016700745,
                8.798524856567383,
                0.9982838034629822,
                1,
                9.198710441589356,
                1.0015215873718262,
                9.598894119262696,
                0.9999806880950928,
                9.999078750610352,
                0.9999933838844299
            ]
        },
        {
            "Target": "Parameter",
            "Id": "ParamMouthOpenY",
            "Segments": [
                0,
                0.03543505445122719,
                1,
                1.1165636777877808,
                0.049022652208805087,
                2.2331271171569826,
                0.04458067566156387,
                3.3496909141540529,
                0.04458067566156387,
                1,
                3.7218737602233888,
                0.04458067566156387,
                4.094056606292725,
                0.07963970303535462,
                4.4662394523620609,
                0.07963970303535462,
                1,
                4.632883071899414,
                0.07963970303535462,
                4.799527168273926,
                -0.03642001003026962,
                4.966170787811279,
                0.02476530335843563,
                1,
                5.493892669677734,
                0.21859125792980195,
                6.0216145515441898,
                -0.018404200673103334,
                6.5493364334106449,
                0.045479290187358859,
                1,
                6.710416793823242,
                0.0649804174900055,
                6.871496677398682,
                0.3705471158027649,
                7.032577037811279,
                0.3271911144256592,
                1,
                8.021410942077637,
                0.06105971336364746,
                9.010244369506836,
                -0.07991144061088562,
                9.999078750610352,
                0.04231499135494232
            ]
        },
        {
            "Target": "Parameter",
            "Id": "ParamCheek",
            "Segments": [
                0,
                0,
                1,
                3.333026170730591,
                0,
                6.666052341461182,
                0,
                9.999078750610352,
                0.0
            ]
        },
        {
            "Target": "Parameter",
            "Id": "ParamBodyAngleX",
            "Segments": [
                0,
                0,
                1,
                3.333026170730591,
                0,
                6.666052341461182,
                0,
                9.999078750610352,
                0.0
            ]
        },
        {
            "Target": "Parameter",
            "Id": "ParamBodyAngleY",
            "Segments": [
                0,
                0,
                1,
                3.333026170730591,
                0,
                6.666052341461182,
                0,
                9.999078750610352,
                0.0
            ]
        },
        {
            "Target": "Parameter",
            "Id": "ParamBodyAngleZ",
            "Segments": [
                0,
                0,
                1,
                3.333026170730591,
                0,
                6.666052341461182,
                0,
                9.999078750610352,
                0.0
            ]
        },
        {
            "Target": "Parameter",
            "Id": "ParamHairFront",
            "Segments": [
                0,
                0,
                1,
                3.333026170730591,
                0,
                6.666052341461182,
                0,
                9.999078750610352,
                0.0
            ]
        },
        {
            "Target": "Parameter",
            "Id": "ParamHairSide",
            "Segments": [
                0,
                0,
                1,
                3.333026170730591,
                0,
                6.666052341461182,
                0,
                9.999078750610352,
                0.0
            ]
        },
        {
            "Target": "Parameter",
            "Id": "ParamHairBack",
            "Segments": [
                0,
                0,
                1,
                3.333026170730591,
                0,
                6.666052341461182,
                0,
                9.999078750610352,
                0.0
            ]
        }
    ]
}