{
	"Version": 3,
	"Meta": {
		"PhysicsSettingCount": 1,
		"TotalInputCount": 3,
		"TotalOutputCount": 4,
		"VertexCount": 4,
		"Fps": 60,
		"EffectiveForces": {
			"Gravity": {
				"X": 0,
				"Y": -1
			},
			"Wind": {
				"X": 0,
				"Y": 0
			}
		},
		"PhysicsDictionary": [
			{
				"Id": "PhysicsSetting1",
				"Name": "eye 2"
			}
		]
	},
	"PhysicsSettings": [
		{
			"Id": "PhysicsSetting1",
			"Input": [
				{
					"Source": {
						"Target": "Parameter",
						"Id": "ParamAngleX"
					},
					"Weight": 100,
					"Type": "Angle",
					"Reflect": false
				},
				{
					"Source": {
						"Target": "Parameter",
						"Id": "ParamAngleY"
					},
					"Weight": 100,
					"Type": "X",
					"Reflect": false
				},
				{
					"Source": {
						"Target": "Parameter",
						"Id": "ParamMouthOpenY"
					},
					"Weight": 0,
					"Type": "X",
					"Reflect": false
				}
			],
			"Output": [
				{
					"Destination": {
						"Target": "Parameter",
						"Id": "ParamAngleX"
					},
					"VertexIndex": 1,
					"Scale": 6.348,
					"Weight": 100,
					"Type": "Angle",
					"Reflect": false
				},
				{
					"Destination": {
						"Target": "Parameter",
						"Id": "ParamAngleY"
					},
					"VertexIndex": 2,
					"Scale": 5.193,
					"Weight": 100,
					"Type": "Angle",
					"Reflect": false
				},
				{
					"Destination": {
						"Target": "Parameter",
						"Id": "ParamAngleZ"
					},
					"VertexIndex": 3,
					"Scale": 1.999,
					"Weight": 0,
					"Type": "Angle",
					"Reflect": false
				},
				{
					"Destination": {
						"Target": "Parameter",
						"Id": "ParamMouthOpenY"
					},
					"VertexIndex": 3,
					"Scale": 0,
					"Weight": 100,
					"Type": "Angle",
					"Reflect": false
				}
			],
			"Vertices": [
				{
					"Position": {
						"X": 0,
						"Y": 0
					},
					"Mobility": 1,
					"Delay": 1,
					"Acceleration": 1,
					"Radius": 0
				},
				{
					"Position": {
						"X": 0,
						"Y": 10.5
					},
					"Mobility": 0.95,
					"Delay": 1.01,
					"Acceleration": 6.77,
					"Radius": 10.5
				},
				{
					"Position": {
						"X": 0,
						"Y": 20.8
					},
					"Mobility": 0.95,
					"Delay": 1,
					"Acceleration": 1.92,
					"Radius": 10.3
				},
				{
					"Position": {
						"X": 0,
						"Y": 31
					},
					"Mobility": 0.95,
					"Delay": 1,
					"Acceleration": 1.54,
					"Radius": 10.2
				}
			],
			"Normalization": {
				"Position": {
					"Minimum": -53.6,
					"Default": -1.3,
					"Maximum": 54.1
				},
				"Angle": {
					"Minimum": -51.4,
					"Default": -1,
					"Maximum": 61.2
				}
			}
		}
	]
}